type,fixed acidity,volatile acidity,citric acid,residual sugar,chlorides,free sulfur dioxide,total sulfur dioxide,density,pH,sulphates,alcohol
white,5.8,0.32,0.28,4.3,0.032,46,115,0.98946,3.16,0.57,13
white,5.3,0.31,0.38,10.5,0.031,53,140,0.99321,3.34,0.46,11.7
white,6,0.16,0.27,12,0.03,39,98,0.99402,3.15,0.34,10.8
white,8.7,0.31,0.21,5.6,0.039,28,67,0.99328,2.96,0.52,11
red,6.6,0.84,0.03,2.3,0.059,32,48,0.9952,3.52,0.56,12.3
red,7.4,0.6,0.26,2.1,0.083,17,91,0.99616,3.29,0.56,9.8
red,7.7,0.64,0.21,2.2,0.077,32,133,0.9956,3.27,0.45,9.9
red,10.4,0.61,0.49,2.1,0.2,5,16,0.9994,3.16,0.63,8.4
